"timestamp";"event";"detailsUrl"
"2025-06-18T21:00:07Z";"Coreix";"https://www.ransomlook.io/recent"
"2025-06-18T21:00:07Z";"New Jersey Association on Correction";"https://www.ransomlook.io/recent"
"2025-06-18T21:00:07Z";"spacebridge.com";"https://www.ransomlook.io/recent"
"2025-06-18T21:00:07Z";"accu-search.com";"https://www.ransomlook.io/recent"
"2025-06-18T21:00:07Z";"mileschristi.org";"https://www.ransomlook.io/recent"
"2025-06-18T21:00:07Z";"kontek.com";"https://www.ransomlook.io/recent"
"2025-06-18T21:00:07Z";"hparchitecture.com";"https://www.ransomlook.io/recent"
"2025-06-18T21:00:07Z";"nardinifire.com";"https://www.ransomlook.io/recent"
"2025-06-18T21:00:07Z";"realityfinance.com";"https://www.ransomlook.io/recent"
"2025-06-18T21:00:07Z";"fiestafranchise.com";"https://www.ransomlook.io/recent"
"2025-06-18T21:00:07Z";"gmaxequine.com";"https://www.ransomlook.io/recent"
"2025-06-18T21:00:07Z";"nipro.com";"https://www.ransomlook.io/recent"
"2025-06-18T21:00:07Z";"GB Group";"https://www.ransomlook.io/recent"
"2025-06-18T21:00:07Z";"THAIRUNG GROUP";"https://www.ransomlook.io/recent"
"2025-06-19T21:01:04Z";"RADIX";"https://www.ransomlook.io/recent"
"2025-06-19T21:01:04Z";"Sun Direct";"https://www.ransomlook.io/recent"
"2025-06-19T21:01:04Z";"R&W Engineering";"https://www.ransomlook.io/recent"
"2025-06-19T21:01:04Z";"https://www.ilesfuneralhomes.com/";"https://www.ransomlook.io/recent"
"2025-06-19T21:01:04Z";"Morar Construtora e Incorporadora LTDA";"https://www.ransomlook.io/recent"
"2025-06-19T21:01:04Z";"AFECC - Hospital Santa Rita de Cássia";"https://www.ransomlook.io/recent"
"2025-06-19T21:01:04Z";"YHD Group Hacked";"https://www.ransomlook.io/recent"
"2025-06-19T21:01:04Z";"Haor Heavy Transport Hacked";"https://www.ransomlook.io/recent"
"2025-06-19T21:01:04Z";"Saban Systems Hacked";"https://www.ransomlook.io/recent"
"2025-06-19T21:01:04Z";"Highlands Oncology Group";"https://www.ransomlook.io/recent"
"2025-06-19T21:01:04Z";"glwholesale.com";"https://www.ransomlook.io/recent"
"2025-06-19T21:01:05Z";"siamgas and petrochemicals public company ltd";"https://www.ransomlook.io/recent"
"2025-06-19T21:01:05Z";"Place Homes";"https://www.ransomlook.io/recent"
"2025-06-19T21:01:05Z";"Vacation Myrtle Beach";"https://www.ransomlook.io/recent"
"2025-06-19T21:01:05Z";"taoscounty.org";"https://www.ransomlook.io/recent"
"2025-06-19T12:00:06Z";"januschke.at";"https://www.ransomlook.io/recent"
"2025-06-19T12:00:06Z";"SUSTA-STAMPI";"https://www.ransomlook.io/recent"
"2025-06-20T12:00:06Z";"Comelesa";"https://www.ransomlook.io/recent"
"2025-06-20T12:00:06Z";"AXT";"https://www.ransomlook.io/recent"
"2025-06-20T15:30:06Z";"diffazur.fr";"https://www.ransomlook.io/recent"
"2025-06-20T15:30:06Z";"powells.biz";"https://www.ransomlook.io/recent"
"2025-06-20T15:30:06Z";"cisin.com";"https://www.ransomlook.io/recent"
"2025-06-20T15:30:06Z";"Sivim IT Hacked";"https://www.ransomlook.io/recent" 
"2025-06-20T15:30:06Z";"Kibbutz Almog Hacked";"https://www.ransomlook.io/recent"
"2025-06-20T15:30:06Z";"Disneyland Paris";"https://www.ransomlook.io/recent"
"2025-06-21T21:00:06Z";"doradosoftware.com";"https://www.ransomlook.io/recent"
"2025-06-21T21:00:06Z";"Levinzon CPA";"https://www.ransomlook.io/recent"
"2025-06-21T21:00:06Z";"ALFA Testing Equipment (Turkey)";"https://www.ransomlook.io/recent"
"2025-06-21T21:00:06Z";"Collision & Classics";"https://www.ransomlook.io/recent"
"2025-06-21T21:00:06Z";"OAK PARK & RIVER FOREST HIGH SCHOOL";"https://www.ransomlook.io/recent"
"2025-06-21T21:00:06Z";"Zacharia Levi Ltd Hacked";"https://www.ransomlook.io/recent"
"2025-06-21T21:00:06Z";"rioglass-solar";"https://www.ransomlook.io/recent"
"2025-06-23T15:30:07Z";"fecovita.com";"https://www.ransomlook.io/recent"
"2025-06-23T15:30:07Z";"Telcom Insurance Group";"https://www.ransomlook.io/recent"
"2025-06-23T15:30:07Z";"Dairy Farmers of America";"https://www.ransomlook.io/recent"
"2025-06-23T15:30:07Z";"Ovalstrapping";"https://www.ransomlook.io/recent"
"2025-06-23T15:30:07Z";"Fisher59";"https://www.ransomlook.io/recent"
"2025-06-23T15:30:07Z";"Shelter Locations in Israel";"https://www.ransomlook.io/recent"
"2025-06-23T15:30:07Z";"Israel Job Info Ltd Hacked";"https://www.ransomlook.io/recent"
"2025-06-23T15:30:07Z";"Ben Horin & Alexandrovitz Ltd Hacked";"https://www.ransomlook.io/recent"
"2025-06-23T15:30:07Z";"Aetoscapitalasia.com";"https://www.ransomlook.io/recent"
"2025-06-23T21:00:06Z";"Wisconsin Judicare";"https://www.ransomlook.io/recent"
"2025-06-23T21:00:06Z";"Brown & Brown PC";"https://www.ransomlook.io/recent"
"2025-06-23T21:00:06Z";"Brown & Winters";"https://www.ransomlook.io/recent"
"2025-06-23T21:00:06Z";"Hilliard Enterprises";"https://www.ransomlook.io/recent"
"2025-06-23T21:00:06Z";"Agganis Driving School";"https://www.ransomlook.io/recent"
"2025-06-23T21:00:06Z";"Estes Forwarding Worldwide";"https://www.ransomlook.io/recent"
"2025-06-23T21:00:06Z";"mlderm.com";"https://www.ransomlook.io/recent"
"2025-06-23T21:00:06Z";"stopzbugs.com/USA/146GB";"https://www.ransomlook.io/recent"
"2025-06-23T21:00:06Z";"mccn.org";"https://www.ransomlook.io/recent"
"2025-06-23T12:00:09Z";"Lexington & Richland County School District Five";"https://www.ransomlook.io/recent"
"2025-06-23T12:00:09Z";"caldine";"https://www.ransomlook.io/recent"
"2025-06-24T12:00:09Z";"hy-vee.com";"https://www.ransomlook.io/recent"
"2025-06-24T12:00:09Z";"gouverneur.com";"https://www.ransomlook.io/recent"
"2025-06-24T12:00:09Z";"Fishman, Larsen & Callister";"https://www.ransomlook.io/recent"
"2025-06-24T12:00:09Z";"Avantic Medical Lab";"https://www.ransomlook.io/recent"
"2025-06-24T12:00:09Z";"Katz & Doorakian Law Firm, P.L.";"https://www.ransomlook.io/recent"
"2025-06-24T12:00:09Z";"PeopleCheck";"https://www.ransomlook.io/recent"
"2025-06-24T12:00:09Z";"Arlington Occupational Health and Wellness";"https://www.ransomlook.io/recent"
"2025-06-24T12:00:09Z";"Machu Picchu Foods";"https://www.ransomlook.io/recent"
"2025-06-24T12:00:09Z";"Inflite Engineering Services";"https://www.ransomlook.io/recent"
"2025-06-24T12:00:09Z";"Myrtue Medical Center Hospital";"https://www.ransomlook.io/recent"
"2025-06-24T21:00:06Z";"Sweeney Design";"https://www.ransomlook.io/recent"
"2025-06-24T21:00:06Z";"Seppeler Gruppe";"https://www.ransomlook.io/recent"
"2025-06-24T21:00:06Z";"Access Financial";"https://www.ransomlook.io/recent"
"2025-06-24T21:00:06Z";"Keystone Shipping";"https://www.ransomlook.io/recent"
"2025-06-24T21:00:06Z";"Integrity Mortgage";"https://www.ransomlook.io/recent"
"2025-06-24T21:00:06Z";"Datrose";"https://www.ransomlook.io/recent"
"2025-06-24T21:00:06Z";"VS Associates";"https://www.ransomlook.io/recent"
"2025-06-24T21:00:06Z";"www.covenanthealth.net";"https://www.ransomlook.io/recent"
"2025-06-24T21:00:06Z";"lurie-glass";"https://www.ransomlook.io/recent"
"2025-06-24T21:00:07Z";"motorsport-de-la-capitale";"https://www.ransomlook.io/recent"
"2025-06-24T21:00:07Z";"The Lowell Hotel New York";"https://www.ransomlook.io/recent"
"2025-06-24T21:00:07Z";"sbh";"https://www.ransomlook.io/recent"
"2025-06-25T12:00:07Z";"oliveracanarias.com";"https://www.ransomlook.io/recent"
"2025-06-25T12:00:07Z";"tdunhamcpa.com";"https://www.ransomlook.io/recent"
"2025-06-25T21:00:06Z";"Positive Solutions";"https://www.ransomlook.io/recent"
"2025-06-25T21:00:06Z";"Wilsonville Toyota-Scion";"https://www.ransomlook.io/recent"
"2025-06-25T21:00:06Z";"JobPlace Ltd Hacked";"https://www.ransomlook.io/recent"
"2025-06-25T21:00:06Z";"Pennant Park";"https://www.ransomlook.io/recent"
"2025-06-25T21:00:06Z";"Fund for Reformed Companies (FONPER)";"https://www.ransomlook.io/recent"
"2025-06-25T21:00:06Z";"Medical Center of Marin";"https://www.ransomlook.io/recent"
"2025-06-25T21:00:06Z";"AEROBLOX";"https://www.ransomlook.io/recent"
"2025-06-25T21:00:06Z";"gudeco.de";"https://www.ransomlook.io/recent"
"2025-06-25T21:00:06Z";"Tecore";"https://www.ransomlook.io/recent"
"2025-06-25T21:00:06Z";"CMI";"https://www.ransomlook.io/recent"
"2025-06-25T21:00:06Z";"GMORS Co., Ltd";"https://www.ransomlook.io/recent"
"2025-06-25T21:00:06Z";"Informatika A.D.";"https://www.ransomlook.io/recent"
"2025-06-25T21:00:07Z";"T.O. Brasil";"https://www.ransomlook.io/recent"
"2025-06-25T21:00:07Z";"Quaser Machine Tools, Inc";"https://www.ransomlook.io/recent"
"2025-06-26T12:00:06Z";"QHR Ltd Hacked";"https://www.ransomlook.io/recent"
"2025-06-26T12:00:06Z";"Habitat for Humanity of Greater Sioux Falls, Inc.";"https://www.ransomlook.io/recent"
"2025-06-26T21:00:06Z";"mcparlane.com";"https://www.ransomlook.io/recent"
"2025-06-26T21:00:06Z";"Antigo Construction";"https://www.ransomlook.io/recent"
"2025-06-26T21:00:06Z";"Johnstone Supply Dallas-Fort Worth";"https://www.ransomlook.io/recent"
"2025-06-26T21:00:06Z";"Pay Tel Communications";"https://www.ransomlook.io/recent"
"2025-06-26T21:00:06Z";"www.ubu.ac.th";"https://www.ransomlook.io/recent"
"2025-06-26T21:00:06Z";"Arbour Volkswagen";"https://www.ransomlook.io/recent"
"2025-06-26T21:00:06Z";"Studio Verna SocietàProfessionale";"https://www.ransomlook.io/recent"
"2025-06-26T21:00:06Z";"MultiStone";"https://www.ransomlook.io/recent"
"2025-06-26T21:00:06Z";"Imblum Law Offices";"https://www.ransomlook.io/recent"
"2025-06-26T21:00:06Z";"Martin Showers Smith& McDonald";"https://www.ransomlook.io/recent"
"2025-06-26T21:00:06Z";"melilla.es";"https://www.ransomlook.io/recent"
"2025-06-26T21:00:06Z";"Tappoo Group of Companies";"https://www.ransomlook.io/recent"
"2025-06-26T21:00:06Z";"Airedale Springs";"https://www.ransomlook.io/recent"
"2025-06-26T21:00:06Z";"hubermanlaw.co.il";"https://www.ransomlook.io/recent"
"2025-06-26T21:00:06Z";"Merlin Industries";"https://www.ransomlook.io/recent"
"2025-06-26T12:00:06Z";"Dealmed Medical Supplies";"https://www.ransomlook.io/recent"
"2025-06-27T12:00:06Z";"Pensions.gov.lk";"https://www.ransomlook.io/recent"
"2025-06-27T12:00:06Z";"PILOTTHOMAS.COM";"https://www.ransomlook.io/recent"
"2025-06-27T12:00:06Z";"The Kingdom of Tonga's Ministry of Health";"https://www.ransomlook.io/recent"
"2025-06-27T12:00:06Z";"Woodtect";"https://www.ransomlook.io/recent"
"2025-06-27T12:00:06Z";"Weizmann New Leak";"https://www.ransomlook.io/recent"
"2025-06-27T15:30:05Z";"US:Morningsideservices";"https://www.ransomlook.io/recent"
"2025-06-27T15:30:05Z";"US:******.com";"https://www.ransomlook.io/recent"
"2025-06-27T15:30:05Z";"www.******.de";"https://www.ransomlook.io/recent"
"2025-06-27T15:30:05Z";"www.******.com";"https://www.ransomlook.io/recent"
"2025-06-27T15:30:05Z";"US:******.org";"https://www.ransomlook.io/recent"
"2025-06-27T21:00:05Z";"SiloKing";"https://www.ransomlook.io/recent"
"2025-06-27T21:00:05Z";"artexmanagement.com";"https://www.ransomlook.io/recent"
"2025-06-27T21:00:05Z";"norsk.global";"https://www.ransomlook.io/recent"
"2025-06-27T21:00:05Z";"buffalomarine.com";"https://www.ransomlook.io/recent"
"2025-06-27T21:00:05Z";"broadleafgame.com";"https://www.ransomlook.io/recent"
"2025-06-27T21:00:05Z";"Associated Packaging";"https://www.ransomlook.io/recent"
"2025-06-27T21:00:05Z";"Cartel Communication Systems";"https://www.ransomlook.io/recent"
"2025-06-27T21:00:05Z";"CGP&H";"https://www.ransomlook.io/recent"
"2025-06-27T21:00:05Z";"Sunrise Springs Spa Resort";"https://www.ransomlook.io/recent"
"2025-06-27T21:00:05Z";"Islington Golf Club";"https://www.ransomlook.io/recent"
"2025-06-27T21:00:05Z";"greatcdltraining.com";"https://www.ransomlook.io/recent"
"2025-06-27T21:00:05Z";"elpasoglass.com";"https://www.ransomlook.io/recent"
"2025-06-27T21:00:05Z";"View Zuellig Industrial";"https://www.ransomlook.io/recent"
"2025-06-27T21:00:05Z";"Emtech Inc";"https://www.ransomlook.io/recent"
"2025-06-27T21:00:05Z";"Carter Manufacturing";"https://www.ransomlook.io/recent"
"2025-06-28T21:00:05Z";"wyomingcountyny.gov";"https://www.ransomlook.io/recent"
"2025-06-28T21:00:05Z";"Tech Mahindra";"https://www.ransomlook.io/recent"
"2025-06-28T21:00:05Z";"Dynamic Netsoft";"https://www.ransomlook.io/recent"
"2025-06-28T21:00:05Z";"Landscape Hawaii";"https://www.ransomlook.io/recent"
"2025-06-28T21:00:05Z";"Four Quarters";"https://www.ransomlook.io/recent"
"2025-06-28T21:00:05Z";"ONGC Petro Additions Limited";"https://www.ransomlook.io/recent"
"2025-06-28T21:00:05Z";"Tiscali SPA";"https://www.ransomlook.io/recent"
"2025-06-29T12:00:06Z";"Welthungerhilfe";"https://www.ransomlook.io/recent"
"2025-06-29T12:00:06Z";"nkcustomer.com";"https://www.ransomlook.io/recent"
"2025-06-29T12:00:06Z";"ClockWorkAdmin Hacked";"https://www.ransomlook.io/recent"
"2025-06-29T12:00:06Z";"Epcatalogs Company";"https://www.ransomlook.io/recent"
"2025-06-29T12:00:06Z";"Budget Electric";"https://www.ransomlook.io/recent"
"2025-06-30T21:00:06Z";"entab.se";"https://www.ransomlook.io/recent"
"2025-06-30T21:00:06Z";"US:www.malonebailey.com";"https://www.ransomlook.io/recent"
"2025-06-30T21:00:06Z";"Hotam EC Hacked";"https://www.ransomlook.io/recent"
"2025-06-30T21:00:06Z";"oandg.com.au";"https://www.ransomlook.io/recent"
"2025-06-30T21:00:06Z";"www.nuphoton.com";"https://www.ransomlook.io/recent"
"2025-06-30T21:00:06Z";"semco-tech.com";"https://www.ransomlook.io/recent"
"2025-06-30T21:00:06Z";"I*******n.com";"https://www.ransomlook.io/recent"
"2025-06-30T12:00:07Z";"simmons-Boardman Publishing, Inc";"https://www.ransomlook.io/recent"
"2025-07-01T12:00:08Z";"Portel Logistic Technologies";"https://www.ransomlook.io/recent"
"2025-07-01T12:00:08Z";"coruzcitywndata+";"https://www.ransomlook.io/recent"
"2025-07-01T12:00:08Z";"Eversendai";"https://www.ransomlook.io/recent"
"2025-07-01T12:00:08Z";"JIEI (THAILAND) CO., LTD";"https://www.ransomlook.io/recent"
"2025-07-01T12:00:08Z";"Premier 1888 Ltd.";"https://www.ransomlook.io/recent"
"2025-07-01T12:00:08Z";"Kinik Gross Toptan Market";"https://www.ransomlook.io/recent"
"2025-07-01T12:00:08Z";"Cameron, Hodges, Coleman, LaPointe";"https://www.ransomlook.io/recent"
"2025-07-01T15:30:06Z";"exhibits-intl.com";"https://www.ransomlook.io/recent"
"2025-07-01T21:00:06Z";"GlobaLinks Hacked";"https://www.ransomlook.io/recent"
"2025-07-01T21:00:06Z";"LP Charpente";"https://www.ransomlook.io/recent"
"2025-07-01T21:00:06Z";"Alert Medical Alarms";"https://www.ransomlook.io/recent"
"2025-07-01T21:00:06Z";"capmark.org";"https://www.ransomlook.io/recent"
"2025-07-01T21:00:06Z";"parsons-peebles.com";"https://www.ransomlook.io/recent"
"2025-07-01T21:00:06Z";"villagecoin.com";"https://www.ransomlook.io/recent"
"2025-07-01T21:00:06Z";"Somotsoft";"https://www.ransomlook.io/recent"
"2025-07-01T12:00:06Z";"jansen-aschendorf.de";"https://www.ransomlook.io/recent"
"2025-07-01T12:00:07Z";"lafayettefamilyymca.org";"https://www.ransomlook.io/recent"
"2025-07-01T12:00:07Z";"dossenterprises.com";"https://www.ransomlook.io/recent"
"2025-07-02T12:00:07Z";"alereon.com";"https://www.ransomlook.io/recent"
"2025-07-02T12:00:07Z";"Ivri, Kerner & Co Hacked";"https://www.ransomlook.io/recent"
"2025-07-02T12:00:07Z";"Mainetti";"https://www.ransomlook.io/recent"
"2025-07-02T12:00:07Z";"fcsserves.org";"https://www.ransomlook.io/recent"
"2025-07-02T12:00:07Z";"Insurance Office of America (US)";"https://www.ransomlook.io/recent"
"2025-07-02T15:30:06Z";"Operation PAR, Inc";"https://www.ransomlook.io/recent"
"2025-07-02T21:00:06Z";"The University of Zagreb Faculty of Science";"https://www.ransomlook.io/recent"
"2025-07-02T21:00:06Z";"JCC Rockland";"https://www.ransomlook.io/recent"
"2025-07-02T21:00:06Z";"HKG Duty Free";"https://www.ransomlook.io/recent"
"2025-07-02T21:00:06Z";"Allegheny Answering Service";"https://www.ransomlook.io/recent"
"2025-07-02T21:00:06Z";"oxforduniversal.com";"https://www.ransomlook.io/recent"
"2025-07-02T12:00:06Z";"atlantissubmarines";"https://www.ransomlook.io/recent"
"2025-07-02T12:00:06Z";"QUINTADAMARINHA.com";"https://www.ransomlook.io/recent"
"2025-07-02T12:00:06Z";"https://www.injusa.com/";"https://www.ransomlook.io/recent"
"2025-07-02T12:00:06Z";"conlonproducts.net";"https://www.ransomlook.io/recent"
"2025-07-02T12:00:06Z";"corpdvs.com";"https://www.ransomlook.io/recent"
"2025-07-03T12:00:07Z";"vresystems.com";"https://www.ransomlook.io/recent"
"2025-07-03T12:00:07Z";"Vynopsis Hacked";"https://www.ransomlook.io/recent"
"2025-07-03T12:00:07Z";"Universal Softare Solutions";"https://www.ransomlook.io/recent"
"2025-07-03T12:00:07Z";"Sanderling";"https://www.ransomlook.io/recent"
"2025-07-03T12:00:07Z";"Kirkor Architects and Planners";"https://www.ransomlook.io/recent"
"2025-07-03T15:30:04Z";"Rama judicial colombia";"https://www.ransomlook.io/recent"
"2025-07-03T15:30:04Z";"Cenomi Retail";"https://www.ransomlook.io/recent"
"2025-07-03T12:00:06Z";"Lydig Construction";"https://www.ransomlook.io/recent"
"2025-07-03T12:00:06Z";"Biofloral";"https://www.ransomlook.io/recent"
"2025-07-03T12:00:06Z";"All Choice Rentals";"https://www.ransomlook.io/recent"
"2025-07-03T12:00:06Z";"Metric";"https://www.ransomlook.io/recent"
"2025-07-03T12:00:06Z";"JFC Electric";"https://www.ransomlook.io/recent"
"2025-07-04T12:00:07Z";"Punta Del Agua";"https://www.ransomlook.io/recent"
"2025-07-04T12:00:07Z";"Avantic Medical Lab - Full leak published";"https://www.ransomlook.io/recent"
"2025-07-04T12:00:07Z";"Arlington Occupational Health and Wellness - Full leak published";"https://www.ransomlook.io/recent"
"2025-07-04T12:00:07Z";"Meleam S.p.A.";"https://www.ransomlook.io/recent"
"2025-07-04T12:00:07Z";"HRConnects, LLC";"https://www.ransomlook.io/recent"
"2025-07-04T12:00:07Z";"Murex Petroleum";"https://www.ransomlook.io/recent"
"2025-07-04T12:00:07Z";"Watermark Marine Systems";"https://www.ransomlook.io/recent"
"2025-07-04T12:00:07Z";"C B King Memorial School(branch)";"https://www.ransomlook.io/recent"
"2025-07-04T12:00:07Z";"Niflaot Hatzuna Ltd Hacked";"https://www.ransomlook.io/recent"
"2025-07-04T12:00:07Z";"Apntelecom.com";"https://www.ransomlook.io/recent"
"2025-07-04T12:00:07Z";"Universal Software Solutions";"https://www.ransomlook.io/recent"
"2025-07-04T12:00:07Z";"knightknox";"https://www.ransomlook.io/recent"
"2025-07-04T12:00:07Z";"https://www.teligent.se/";"https://www.ransomlook.io/recent"
"2025-07-04T12:00:07Z";"fkk.ac.th";"https://www.ransomlook.io/recent"
"2025-07-04T15:30:06Z";"www.ultrarapit.net";"https://www.ransomlook.io/recent"
"2025-07-04T15:30:06Z";"www.floralimited.com";"https://www.ransomlook.io/recent"
"2025-07-04T15:30:06Z";"www.anubis-cosmetics.com";"https://www.ransomlook.io/recent"
"2025-07-04T15:30:06Z";"www.sanmarti.es";"https://www.ransomlook.io/recent"
"2025-07-04T15:30:06Z";"www.continental.aero";"https://www.ransomlook.io/recent"
"2025-07-04T15:30:06Z";"www.skcounsel.com";"https://www.ransomlook.io/recent"
"2025-07-04T15:30:06Z";"www.prival.com";"https://www.ransomlook.io/recent"
"2025-07-04T15:30:06Z";"www.humac.dk";"https://www.ransomlook.io/recent"
"2025-07-04T15:30:06Z";"DKN Hotels";"https://www.ransomlook.io/recent"
"2025-07-04T12:00:06Z";"Corinthian Media";"https://www.ransomlook.io/recent"
"2025-07-04T12:00:06Z";"Your Building Centers";"https://www.ransomlook.io/recent"
"2025-07-04T12:00:06Z";"cityofgardendale.com";"https://www.ransomlook.io/recent"
"2025-07-04T12:00:06Z";"Integrated Silicon Solution Inc.";"https://www.ransomlook.io/recent"
"2025-07-04T12:00:06Z";"Kentfield Hospital";"https://www.ransomlook.io/recent"
"2025-07-05T12:00:07Z";"S******h.com";"https://www.ransomlook.io/recent"
"2025-07-05T12:00:07Z";"Hana Financial";"https://www.ransomlook.io/recent"
"2025-07-05T12:00:07Z";"Silver Lining Herbs";"https://www.ransomlook.io/recent"
"2025-07-05T12:00:07Z";"RG Mexico";"https://www.ransomlook.io/recent"
"2025-07-05T12:00:07Z";"BD Group";"https://www.ransomlook.io/recent"
"2025-07-05T12:00:07Z";"Assetlabs";"https://www.ransomlook.io/recent"
"2025-07-06T12:00:07Z";"Eurofins";"https://www.ransomlook.io/recent"
"2025-07-06T12:00:07Z";"Freedom Wood Doors Ltd Hacked";"https://www.ransomlook.io/recent"
"2025-07-06T12:00:07Z";"Whim Hospitality";"https://www.ransomlook.io/recent"
"2025-07-06T12:00:07Z";"doumen.fr";"https://www.ransomlook.io/recent"
"2025-07-06T12:00:07Z";"Optimax Technology";"https://www.ransomlook.io/recent"
"2025-07-06T12:00:07Z";"Texas Construction Firm";"https://www.ransomlook.io/recent"
"2025-07-06T12:00:07Z";"Dubai Company";"https://www.ransomlook.io/recent"
"2025-07-06T12:00:07Z";"Tawasol";"https://www.ransomlook.io/recent"
"2025-07-06T12:00:07Z";"Bangkok Electronics Co., Ltd";"https://www.ransomlook.io/recent"
"2025-07-06T12:00:07Z";"FEELFOUR";"https://www.ransomlook.io/recent"
"2025-07-06T12:00:07Z";"Med institute";"https://www.ransomlook.io/recent"
"2025-07-06T12:00:07Z";"Singapour Victim";"https://www.ransomlook.io/recent"
"2025-07-06T12:00:07Z";"Hong Kong Victim";"https://www.ransomlook.io/recent"
"2025-07-06T12:00:07Z";"Premier Meats South Africa";"https://www.ransomlook.io/recent"
"2025-07-06T12:00:07Z";"EU victim";"https://www.ransomlook.io/recent"
"2025-07-06T12:00:07Z";"Feel Four";"https://www.ransomlook.io/recent"
"2025-07-06T12:00:07Z";"China Harbour Engineering Company";"https://www.ransomlook.io/recent"
"2025-07-06T12:00:07Z";"South African Hr company";"https://www.ransomlook.io/recent"
"2025-07-06T12:00:08Z";"dovesit.co.za";"https://www.ransomlook.io/recent"
"2025-07-06T12:00:08Z";"Singapour Factory";"https://www.ransomlook.io/recent"
"2025-07-06T12:00:08Z";"South African IT firm";"https://www.ransomlook.io/recent"
"2025-07-06T12:00:08Z";"smvthailand.com";"https://www.ransomlook.io/recent"
"2025-07-06T12:00:08Z";"Chinese Healthcare Organisation";"https://www.ransomlook.io/recent"
"2025-07-06T12:00:08Z";"gmanetwork.com";"https://www.ransomlook.io/recent"
"2025-07-06T12:00:08Z";"https://pestbusters.com.sg/";"https://www.ransomlook.io/recent"
"2025-07-06T12:00:08Z";"Victim from Japan";"https://www.ransomlook.io/recent"
"2025-07-06T12:00:08Z";"dailynews.co.th";"https://www.ransomlook.io/recent"
"2025-07-06T12:00:08Z";"tvgoiania.com.br";"https://www.ransomlook.io/recent"
"2025-07-06T12:00:08Z";"Pienaar Brothers";"https://www.ransomlook.io/recent"
"2025-07-06T12:00:08Z";"TBD KENYA";"https://www.ransomlook.io/recent"
"2025-07-06T12:00:08Z";"piriou.vn";"https://www.ransomlook.io/recent"
"2025-07-06T12:00:08Z";"TBD GREECE";"https://www.ransomlook.io/recent"
"2025-07-06T12:00:08Z";"TOHO-CO";"https://www.ransomlook.io/recent"
"2025-07-06T12:00:08Z";"TBD KOREA";"https://www.ransomlook.io/recent"
"2025-07-06T12:00:08Z";"TBD HONG KONG";"https://www.ransomlook.io/recent"
"2025-07-06T12:00:08Z";"www.paragonradiology.com";"https://www.ransomlook.io/recent"
"2025-07-06T12:00:08Z";"netstar.co.za";"https://www.ransomlook.io/recent"
"2025-07-06T12:00:08Z";"www.nijar.es";"https://www.ransomlook.io/recent"
"2025-07-06T12:00:08Z";"Gobierno del Estado de Colima";"https://www.ransomlook.io/recent"
"2025-07-06T12:00:08Z";"dmbarone.com";"https://www.ransomlook.io/recent"
"2025-07-06T12:00:08Z";"lantro.com";"https://www.ransomlook.io/recent"
"2025-07-06T12:00:08Z";"DHL THAILAND";"https://www.ransomlook.io/recent"
"2025-07-06T12:00:08Z";"NSSF KENYA Time Out";"https://www.ransomlook.io/recent"
"2025-07-06T12:00:08Z";"takachiho.co.jp";"https://www.ransomlook.io/recent"
"2025-07-06T12:00:08Z";"c****gl*b*.com";"https://www.ransomlook.io/recent"
"2025-07-06T12:00:08Z";"elematec.com";"https://www.ransomlook.io/recent"
"2025-07-06T12:00:08Z";"gotec.com";"https://www.ransomlook.io/recent"
"2025-07-06T12:00:08Z";"https://klinikdrindrajana.com/";"https://www.ransomlook.io/recent"
"2025-07-06T12:00:08Z";"studionotarile.com";"https://www.ransomlook.io/recent"
"2025-07-06T12:00:08Z";"www.sanmarti.es";"https://www.ransomlook.io/recent"
"2025-07-06T12:00:08Z";"www.ctntelco.com";"https://www.ransomlook.io/recent"
"2025-07-06T12:00:08Z";"www.selt-sistemi.com";"https://www.ransomlook.io/recent"
"2025-07-07T12:00:08Z";"ITACCESS PTE. LTD.";"https://www.ransomlook.io/recent"
"2025-07-07T12:00:08Z";"Satanlock project will be shut down";"https://www.ransomlook.io/recent"
"2025-07-07T12:00:08Z";"jubileejobs.org";"https://www.ransomlook.io/recent"
"2025-07-07T12:00:08Z";"tsaworld.com";"https://www.ransomlook.io/recent"
"2025-07-07T15:30:06Z";"https://thesandersfirm.com/";"https://www.ransomlook.io/recent"
"2025-07-07T15:30:06Z";"gatewaycommunity.com";"https://www.ransomlook.io/recent"
"2025-07-07T15:30:06Z";"arch-con.com";"https://www.ransomlook.io/recent"
"2025-07-07T15:30:06Z";"kolbus.de";"https://www.ransomlook.io/recent"
"2025-07-07T15:30:06Z";"cr-architects.com";"https://www.ransomlook.io/recent"
"2025-07-07T15:30:06Z";"ice.edu";"https://www.ransomlook.io/recent"
"2025-07-07T15:30:06Z";"beplastics.com";"https://www.ransomlook.io/recent"
"2025-07-07T15:30:06Z";"crenshawcommunityhospital.com";"https://www.ransomlook.io/recent"
"2025-07-07T15:30:06Z";"bariatrix.com";"https://www.ransomlook.io/recent"
"2025-07-07T15:30:06Z";"evolupharm.fr";"https://www.ransomlook.io/recent"
"2025-07-07T15:30:06Z";"silentgliss.it";"https://www.ransomlook.io/recent"
"2025-07-07T15:30:06Z";"rheavendors.com";"https://www.ransomlook.io/recent"
"2025-07-07T15:30:06Z";"ltlevante.com";"https://www.ransomlook.io/recent"
"2025-07-07T15:30:06Z";"Ridewill SRL";"https://www.ransomlook.io/recent"
"2025-07-07T15:30:06Z";"LTL";"https://www.ransomlook.io/recent"
"2025-07-07T15:30:06Z";"Rhea Vendors Group SpA";"https://www.ransomlook.io/recent"
"2025-07-07T15:30:06Z";"Silent Gliss Italia";"https://www.ransomlook.io/recent"
"2025-07-07T15:30:06Z";"EvoluPharm";"https://www.ransomlook.io/recent"
"2025-07-07T15:30:06Z";"BARIATRIX NUTRITION";"https://www.ransomlook.io/recent"
"2025-07-07T15:30:06Z";"Crenshaw Community Hospital";"https://www.ransomlook.io/recent"
"2025-07-07T15:30:06Z";"Belmont Engineered Plastics";"https://www.ransomlook.io/recent"
"2025-07-07T15:30:06Z";"Institute of Culinary Education";"https://www.ransomlook.io/recent"
"2025-07-07T15:30:06Z";"CR Architecture + Design";"https://www.ransomlook.io/recent"
"2025-07-07T15:30:06Z";"KOLBUS";"https://www.ransomlook.io/recent"
"2025-07-07T15:30:06Z";"Arch-Con Corporation";"https://www.ransomlook.io/recent"
"2025-07-07T15:30:07Z";"Gateway Community";"https://www.ransomlook.io/recent"
"2025-07-07T15:30:07Z";"Prosecuting Attorneys' Council of Georgia";"https://www.ransomlook.io/recent"
"2025-07-07T15:30:07Z";"Sermo";"https://www.ransomlook.io/recent"
"2025-07-07T15:30:07Z";"Southwest CARE Center";"https://www.ransomlook.io/recent"
"2025-07-07T15:30:07Z";"Ws*******.de";"https://www.ransomlook.io/recent"
"2025-07-07T15:30:07Z";"Nos********om.br";"https://www.ransomlook.io/recent"
"2025-07-07T21:00:07Z";"JP:www.ogr-jp.com";"https://www.ransomlook.io/recent"
"2025-07-07T21:00:07Z";"JP:tokiomarine-nichido.co.jp";"https://www.ransomlook.io/recent"
"2025-07-07T21:00:07Z";"US:gatewaycsb.org";"https://www.ransomlook.io/recent"
"2025-07-07T21:00:07Z";"DE:heimhaus.de";"https://www.ransomlook.io/recent"
"2025-07-07T21:00:07Z";"PHARMARON.COM";"https://www.ransomlook.io/recent"
"2025-07-07T21:00:07Z";"Advance Ready Mix";"https://www.ransomlook.io/recent"
"2025-07-07T21:00:07Z";"Allied Steel Buildings";"https://www.ransomlook.io/recent"
"2025-07-07T21:00:07Z";"Lee Publications";"https://www.ransomlook.io/recent"
"2025-07-07T12:00:07Z";"Idgcayman.com";"https://www.ransomlook.io/recent"
"2025-07-07T12:00:07Z";"caredig.co.uk";"https://www.ransomlook.io/recent"
"2025-07-07T12:00:07Z";"ppa-eng.com.org";"https://www.ransomlook.io/recent"
"2025-07-07T12:00:07Z";"fmsarchitects.com";"https://www.ransomlook.io/recent"
"2025-07-07T12:00:07Z";"relucent.com";"https://www.ransomlook.io/recent"
"2025-07-07T12:00:07Z";"profile-ind.com";"https://www.ransomlook.io/recent"
"2025-07-07T12:00:07Z";"cascobay.org";"https://www.ransomlook.io/recent"
"2025-07-07T12:00:08Z";"wmat.nsn.us";"https://www.ransomlook.io/recent"
"2025-07-07T12:00:08Z";"lewis-manning.org.uk";"https://www.ransomlook.io/recent"
"2025-07-07T12:00:08Z";"avgouleaschool.gr";"https://www.ransomlook.io/recent"
"2025-07-07T12:00:08Z";"lowcostspayneuterindiana.org";"https://www.ransomlook.io/recent"
"2025-07-07T12:00:08Z";"chirurgiemaxillo.com";"https://www.ransomlook.io/recent"
"2025-07-07T12:00:08Z";"silverdalebc.com";"https://www.ransomlook.io/recent"
"2025-07-08T12:00:08Z";"Cahill Seeds";"https://www.ransomlook.io/recent"
"2025-07-08T12:00:08Z";"Taiwan Digital Streaming Co Ltd";"https://www.ransomlook.io/recent"
"2025-07-08T12:00:08Z";"ELZAB";"https://www.ransomlook.io/recent"
"2025-07-08T12:00:08Z";"University of Puerto RicoRío Piedras Campus";"https://www.ransomlook.io/recent"
"2025-07-08T12:00:08Z";"MAFATE BUSINESS ENTERPRISE";"https://www.ransomlook.io/recent"
"2025-07-08T12:00:08Z";"BIG SILVER";"https://www.ransomlook.io/recent"
"2025-07-08T12:00:08Z";"US:*************.org";"https://www.ransomlook.io/recent"
"2025-07-08T12:00:08Z";"volpatoindustrie.it";"https://www.ransomlook.io/recent"
"2025-07-08T12:00:08Z";"Scherer Sanitätshaus Gruppe";"https://www.ransomlook.io/recent"
"2025-07-08T12:00:08Z";"Iran International Hacked";"https://www.ransomlook.io/recent"
"2025-07-08T15:30:07Z";"hawaiiunified.com";"https://www.ransomlook.io/recent"
"2025-07-08T15:30:07Z";"rotaryeng.com.sg";"https://www.ransomlook.io/recent"
"2025-07-08T15:30:07Z";"New Telegram Channel";"https://www.ransomlook.io/recent"
"2025-07-08T21:00:06Z";"Florida Hand Center";"https://www.ransomlook.io/recent"
"2025-07-08T21:00:06Z";"Milberg";"https://www.ransomlook.io/recent"
"2025-07-08T21:00:06Z";"Tyree Oil";"https://www.ransomlook.io/recent"
"2025-07-08T21:00:06Z";"Wood, Patel & Associates";"https://www.ransomlook.io/recent"
"2025-07-08T21:00:06Z";"Wfmt";"https://www.ransomlook.io/recent"
"2025-07-08T21:00:06Z";"Official Statement from Handala";"https://www.ransomlook.io/recent"
"2025-07-08T21:00:06Z";"Coalinga Regional Medical Center";"https://www.ransomlook.io/recent"
"2025-07-08T21:00:06Z";"Loyola University Chicago";"https://www.ransomlook.io/recent"
"2025-07-08T21:00:07Z";"VINHAS E REDENSCHI ADVOGADOS";"https://www.ransomlook.io/recent"
"2025-07-08T21:00:07Z";"Digitall Evolution";"https://www.ransomlook.io/recent"
"2025-07-08T21:00:07Z";"Becker Robotic";"https://www.ransomlook.io/recent"
"2025-07-08T21:00:07Z";"Act Legal";"https://www.ransomlook.io/recent"
"2025-07-08T21:00:07Z";"RattanIndia Power";"https://www.ransomlook.io/recent"
"2025-07-08T21:00:07Z";"NPK";"https://www.ransomlook.io/recent"
"2025-07-08T21:00:07Z";"McNealy Brown";"https://www.ransomlook.io/recent"
"2025-07-08T21:00:07Z";"Faria Braga Advogados Associados";"https://www.ransomlook.io/recent"
"2025-07-08T21:00:07Z";"INICIA";"https://www.ransomlook.io/recent"
"2025-07-08T21:00:07Z";"MITACHI (HK) COMPANY LIMITED";"https://www.ransomlook.io/recent"
"2025-07-08T21:00:07Z";"UPG Enterprises";"https://www.ransomlook.io/recent"
"2025-07-08T21:00:07Z";"Doak Shirreff Lawyers";"https://www.ransomlook.io/recent"
"2025-07-09T12:00:05Z";"The Providence Warwick Convention";"https://www.ransomlook.io/recent"
"2025-07-09T12:00:05Z";"Iran Internation WhatsApp and Internal Access Poc";"https://www.ransomlook.io/recent"
"2025-07-09T12:00:05Z";"Evidence of cooperation between the Mossad and Mojtaba Pourmohsen";"https://www.ransomlook.io/recent"
"2025-07-09T12:00:06Z";"Iran Internation WhatsApp and Internal Access PoC";"https://www.ransomlook.io/recent"
"2025-07-09T15:30:07Z";"unyleya.edu.br";"https://www.ransomlook.io/recent"
"2025-07-09T15:30:07Z";"snapav.com / resideo.com";"https://www.ransomlook.io/recent"
"2025-07-09T15:30:07Z";"www.miatech.net";"https://www.ransomlook.io/recent"
"2025-07-09T15:30:07Z";"InnoMedica";"https://www.ransomlook.io/recent"
"2025-07-09T15:30:07Z";"Leaked Documents Reveal Identities of Iran International Staff";"https://www.ransomlook.io/recent"
"2025-07-09T21:00:06Z";"Majestic";"https://www.ransomlook.io/recent"
"2025-07-09T21:00:06Z";"Emphail.com";"https://www.ransomlook.io/recent"
"2025-07-09T21:00:06Z";"TBC";"https://www.ransomlook.io/recent"
"2025-07-09T21:00:06Z";"Lamberts Business Systems";"https://www.ransomlook.io/recent"
"2025-07-09T21:00:07Z";"Confartigianato Imprese";"https://www.ransomlook.io/recent"
"2025-07-09T21:00:07Z";"PPC Mechanical Seals";"https://www.ransomlook.io/recent"
"2025-07-09T21:00:07Z";"Microf";"https://www.ransomlook.io/recent"
"2025-07-09T21:00:07Z";"Mack Energy Corp";"https://www.ransomlook.io/recent"
"2025-07-10T12:00:07Z";"Computer Ingenuity Associates";"https://www.ransomlook.io/recent"
"2025-07-10T12:00:07Z";"Medusa";"https://www.ransomlook.io/recent"
"2025-07-10T12:00:07Z";"Yinon Magal Hacked";"https://www.ransomlook.io/recent"
"2025-07-10T12:00:07Z";"rhodar.co.uk";"https://www.ransomlook.io/recent"
"2025-07-10T15:30:07Z";"nactarome.eu";"https://www.ransomlook.io/recent"
"2025-07-10T15:30:07Z";"www.georgeallenconstruction.com";"https://www.ransomlook.io/recent"
"2025-07-10T15:30:07Z";"www.wheelsauto.com";"https://www.ransomlook.io/recent"
"2025-07-10T12:00:07Z";"Sagence AI";"https://www.ransomlook.io/recent"
"2025-07-10T12:00:07Z";"Artemis Healthcare, Inc";"https://www.ransomlook.io/recent"
"2025-07-10T12:00:07Z";"A-Qroup Sığorta Şirkəti";"https://www.ransomlook.io/recent"
"2025-07-10T12:00:07Z";"Tan Chong Motor Holdings Berhad";"https://www.ransomlook.io/recent"
"2025-07-10T12:00:07Z";"Accu Reference Medical Lab";"https://www.ransomlook.io/recent"
"2025-07-10T12:00:07Z";"Nactarome";"https://www.ransomlook.io/recent"
"2025-07-10T12:00:07Z";"Warisan TC Holdings Berhad";"https://www.ransomlook.io/recent"
"2025-07-10T12:00:07Z";"tiergesundheitszentrum-koenigslutter.de";"https://www.ransomlook.io/recent"
"2025-07-10T12:00:07Z";"brennytransportation.com";"https://www.ransomlook.io/recent"
"2025-07-10T12:00:07Z";"communitycareresources.com";"https://www.ransomlook.io/recent"
"2025-07-10T12:00:07Z";"bayviewci.org";"https://www.ransomlook.io/recent"
"2025-07-10T12:00:07Z";"PACIFIC BIOLABS";"https://www.ransomlook.io/recent"
"2025-07-11T12:00:07Z";"LCM Construção e Comércio S/A";"https://www.ransomlook.io/recent"
"2025-07-11T12:00:07Z";"Websterhenry.com";"https://www.ransomlook.io/recent"
"2025-07-11T12:00:07Z";"City of Keene, NH";"https://www.ransomlook.io/recent"
"2025-07-11T15:30:07Z";"fuld.com";"https://www.ransomlook.io/recent"
"2025-07-11T15:30:07Z";"Operation PAR, Inc.";"https://www.ransomlook.io/recent"
"2025-07-11T15:30:07Z";"www.intereum.com";"https://www.ransomlook.io/recent"
"2025-07-11T21:00:06Z";"sol*d*r*.com";"https://www.ransomlook.io/recent"
"2025-07-11T21:00:06Z";"nexa.bb";"https://www.ransomlook.io/recent"
"2025-07-11T21:00:06Z";"FormWood Industries";"https://www.ransomlook.io/recent"
"2025-07-11T21:00:06Z";"CyberlinkASP";"https://www.ransomlook.io/recent"
"2025-07-11T21:00:06Z";"EIA Global";"https://www.ransomlook.io/recent"
"2025-07-11T21:00:06Z";"Darien Telephone";"https://www.ransomlook.io/recent"
"2025-07-11T21:00:06Z";"Department of Culture and Tourism Abu Dhabi - Download link updated";"https://www.ransomlook.io/recent"
"2025-07-11T21:00:06Z";"Fishman, Larsen & Callister - Full leak published";"https://www.ransomlook.io/recent"
"2025-07-11T21:00:06Z";"Katz & Doorakian Law Firm, P.L. - Filetree upload";"https://www.ransomlook.io/recent"
"2025-07-11T21:00:06Z";"nhbg.com.";"https://www.ransomlook.io/recent"
"2025-07-11T21:00:06Z";"Katz & Doorakian Law Firm, P.L. - File tree upload";"https://www.ransomlook.io/recent"
"2025-07-11T21:00:07Z";"Intercommunityct.org";"https://www.ransomlook.io/recent"
"2025-07-12T21:00:07Z";"k12albemarle.org";"https://www.ransomlook.io/recent"
"2025-07-12T21:00:07Z";"Ensemble Montplaisir";"https://www.ransomlook.io/recent"
"2025-07-12T21:00:07Z";"Stratascorp Technologies";"https://www.ransomlook.io/recent"
"2025-07-12T21:00:07Z";"Ace Wire Spring & Form";"https://www.ransomlook.io/recent"
"2025-07-12T21:00:07Z";"Wispone";"https://www.ransomlook.io/recent"
"2025-07-12T21:00:07Z";"Tara Pac";"https://www.ransomlook.io/recent"
"2025-07-12T21:00:07Z";"SPANN Roofing & Sheet Metal";"https://www.ransomlook.io/recent"
"2025-07-12T21:00:07Z";"Wegley Higginbotham & Associates";"https://www.ransomlook.io/recent"
"2025-07-12T21:00:07Z";"Genesis Billing Services";"https://www.ransomlook.io/recent"
"2025-07-12T21:00:07Z";"Plane Business Kayan Aero";"https://www.ransomlook.io/recent"
"2025-07-12T21:00:07Z";"bartec.com";"https://www.ransomlook.io/recent"
"2025-07-12T21:00:07Z";"nod.ro";"https://www.ransomlook.io/recent"
"2025-07-13T21:00:07Z";"Dansoft";"https://www.ransomlook.io/recent"
"2025-07-13T21:00:07Z";"Rezayat Group";"https://www.ransomlook.io/recent"
"2025-07-13T21:00:07Z";"North Country HealthCare";"https://www.ransomlook.io/recent"
"2025-07-13T21:00:07Z";"pinnacle Roofing and Exteriors";"https://www.ransomlook.io/recent"
"2025-07-13T21:00:07Z";"conasa infraestrutura s.a.";"https://www.ransomlook.io/recent"
"2025-07-13T21:00:07Z";"Tuna Processors Phillipines, Inc";"https://www.ransomlook.io/recent"
"2025-07-13T21:00:07Z";"Twaweza";"https://www.ransomlook.io/recent"
"2025-07-13T21:00:07Z";"www.e***.gov.eg";"https://www.ransomlook.io/recent"
"2025-07-13T21:00:07Z";"solidere.com";"https://www.ransomlook.io/recent"
"2025-07-14T12:00:07Z";"CARSTAR Business Group";"https://www.ransomlook.io/recent"
"2025-07-14T12:00:07Z";"National Institute of Water Resources";"https://www.ransomlook.io/recent"
"2025-07-14T12:00:07Z";"Trilinklogistics Inc / Leacked by www.etornetworks.com/";"https://www.ransomlook.io/recent"
"2025-07-14T12:00:08Z";"lstlaw.ca/ Leaked by www.etornetworks.com";"https://www.ransomlook.io/recent"
"2025-07-14T12:00:08Z";"dwllp.ca/ Leaked by www.etornetworks.com";"https://www.ransomlook.io/recent"
"2025-07-14T15:30:07Z";"Belk";"https://www.ransomlook.io/recent"
"2025-07-14T15:30:07Z";"Rockrose Development";"https://www.ransomlook.io/recent"
"2025-07-14T15:30:07Z";"Hulberg & Associates";"https://www.ransomlook.io/recent"
"2025-07-14T15:30:07Z";"Сonasa";"https://www.ransomlook.io/recent"
"2025-07-14T21:00:05Z";"loraincountyauditor.gov";"https://www.ransomlook.io/recent"
"2025-07-14T21:00:05Z";"inspiredbeauty.com";"https://www.ransomlook.io/recent"
"2025-07-14T21:00:05Z";"Lar ***";"https://www.ransomlook.io/recent"
"2025-07-14T21:00:05Z";"Justicia Penal Militar | 45TB";"https://www.ransomlook.io/recent"
"2025-07-14T21:00:05Z";"American Hospital Dubai | 40TB";"https://www.ransomlook.io/recent"
"2025-07-14T21:00:05Z";"Culver's Lawn & Landscape, Inc.";"https://www.ransomlook.io/recent"
"2025-07-14T21:00:05Z";"Schlemmer Holding GmbH";"https://www.ransomlook.io/recent"
"2025-07-15T12:00:07Z";"VM Racing";"https://www.ransomlook.io/recent"
"2025-07-15T12:00:07Z";"G*********************y.org";"https://www.ransomlook.io/recent"
"2025-07-15T12:00:07Z";"CF Construction Ltd";"https://www.ransomlook.io/recent"
"2025-07-15T12:00:07Z";"www.marvimundo.com";"https://www.ransomlook.io/recent"
"2025-07-15T12:00:07Z";"Progressive Auto Group";"https://www.ransomlook.io/recent"
"2025-07-15T15:30:06Z";"eehc.gov.eg";"https://www.ransomlook.io/recent"
"2025-07-15T15:30:06Z";"Cardinal Services";"https://www.ransomlook.io/recent"
"2025-07-15T15:30:06Z";"ProActive Solutions USA";"https://www.ransomlook.io/recent"
"2025-07-15T15:30:06Z";"Greta Group";"https://www.ransomlook.io/recent"
"2025-07-15T15:30:06Z";"Adrian Kenya";"https://www.ransomlook.io/recent"
"2025-07-15T21:00:06Z";"Otjiwarongo Municipality";"https://www.ransomlook.io/recent"
"2025-07-15T21:00:06Z";"MEDIALAB";"https://www.ransomlook.io/recent"
"2025-07-15T21:00:06Z";"Victoria Garden";"https://www.ransomlook.io/recent"
"2025-07-15T21:00:06Z";"The Paul Wilkinson Law Firm";"https://www.ransomlook.io/recent"
"2025-07-15T21:00:06Z";"Mausolff Immobilien";"https://www.ransomlook.io/recent"
"2025-07-15T21:00:06Z";"City of Green River";"https://www.ransomlook.io/recent"
"2025-07-15T21:00:06Z";"Inside One";"https://www.ransomlook.io/recent"
"2025-07-15T21:00:06Z";"WH Rogers Sheet Metal";"https://www.ransomlook.io/recent"
"2025-07-15T21:00:06Z";"www.pomerandboccia.com";"https://www.ransomlook.io/recent"
"2025-07-15T12:00:09Z";"Halvorsen Family Law Group";"https://www.ransomlook.io/recent"
"2025-07-15T12:00:09Z";"New American Funding";"https://www.ransomlook.io/recent"
"2025-07-15T12:00:09Z";"Young Adjustment Company";"https://www.ransomlook.io/recent"
"2025-07-16T12:00:09Z";"Larimart S.P.A";"https://www.ransomlook.io/recent"
"2025-07-16T12:00:09Z";"Tra ***";"https://www.ransomlook.io/recent"
"2025-07-16T12:00:09Z";"The Colgin Companies";"https://www.ransomlook.io/recent"
"2025-07-16T12:00:09Z";"Mazzoleni";"https://www.ransomlook.io/recent"
"2025-07-16T12:00:09Z";"Studioc";"https://www.ransomlook.io/recent"
"2025-07-16T12:00:09Z";"BAF Management Consulting";"https://www.ransomlook.io/recent"
"2025-07-16T12:00:09Z";"ResourceEnergy";"https://www.ransomlook.io/recent"
"2025-07-16T12:00:09Z";"Specialty Components";"https://www.ransomlook.io/recent"
"2025-07-16T12:00:09Z";"5àSec";"https://www.ransomlook.io/recent"
"2025-07-16T21:00:07Z";"Burnett and Son Meat";"https://www.ransomlook.io/recent"
"2025-07-16T21:00:07Z";"Waverly Cabinets";"https://www.ransomlook.io/recent"
"2025-07-16T21:00:07Z";"Joni L Janecki & Associates";"https://www.ransomlook.io/recent"
"2025-07-16T21:00:07Z";"IMSSA Manufacturing";"https://www.ransomlook.io/recent"
"2025-07-16T21:00:07Z";"Morrison Companies";"https://www.ransomlook.io/recent"
"2025-07-16T21:00:07Z";"C3 Group";"https://www.ransomlook.io/recent"
"2025-07-16T21:00:07Z";"joseantoniorodriguez.com";"https://www.ransomlook.io/recent"
"2025-07-17T12:00:06Z";"accademia.it";"https://www.ransomlook.io/recent"
"2025-07-17T12:00:06Z";"palmasdelixcan.com";"https://www.ransomlook.io/recent"
"2025-07-17T12:00:06Z";"hlb.ie";"https://www.ransomlook.io/recent"
"2025-07-17T12:00:06Z";"divgroup.eu";"https://www.ransomlook.io/recent"
"2025-07-17T12:00:06Z";"ashland.k12.ma.us";"https://www.ransomlook.io/recent"
"2025-07-17T12:00:06Z";"mol.go.th";"https://www.ransomlook.io/recent"
"2025-07-17T12:00:06Z";"Media Broadcast Satellite";"https://www.ransomlook.io/recent"
"2025-07-17T12:00:06Z";"lawforpersonalinjury.com";"https://www.ransomlook.io/recent"
"2025-07-17T12:00:06Z";"Racine Olson";"https://www.ransomlook.io/recent"
"2025-07-17T12:00:06Z";"Secountryvets_AU";"https://www.ransomlook.io/recent"
"2025-07-17T12:00:06Z";"TERENCE C RINGLAND & CO PTY LTD";"https://www.ransomlook.io/recent"
"2025-07-17T12:00:06Z";"Сomet-strip-enterprises-ltd";"https://www.ransomlook.io/recent"
"2025-07-17T12:00:06Z";"Vitec";"https://www.ransomlook.io/recent"
"2025-07-17T12:00:06Z";"Huize Sint-Augustinus_BE";"https://www.ransomlook.io/recent"
"2025-07-17T12:00:06Z";"HTC_Högtryckscenter_Sweden";"https://www.ransomlook.io/recent"
"2025-07-17T12:00:06Z";"Crompton Lamps, UK";"https://www.ransomlook.io/recent"
"2025-07-17T12:00:06Z";"Wingpoh_SG";"https://www.ransomlook.io/recent"
"2025-07-17T15:30:06Z";"Sou ***";"https://www.ransomlook.io/recent"
"2025-07-17T12:00:07Z";"KEP Credit Union KEP";"https://www.ransomlook.io/recent"
"2025-07-18T12:00:07Z";"Home Solutions of Iowa";"https://www.ransomlook.io/recent"
"2025-07-18T12:00:07Z";"Helpsonv";"https://www.ransomlook.io/recent"
"2025-07-18T12:00:07Z";"Allstarmg";"https://www.ransomlook.io/recent"
"2025-07-18T12:00:07Z";"Ark Consultancy";"https://www.ransomlook.io/recent"
"2025-07-18T12:00:07Z";"T2 Group";"https://www.ransomlook.io/recent"
"2025-07-18T12:00:07Z";"GreenLight Biosciences";"https://www.ransomlook.io/recent"
"2025-07-18T12:00:07Z";"Eurofins Healthcare";"https://www.ransomlook.io/recent"
"2025-07-18T21:00:07Z";"Ritenour School District";"https://www.ransomlook.io/recent"
"2025-07-18T21:00:07Z";"Eurofins Scientific";"https://www.ransomlook.io/recent"
"2025-07-18T21:00:07Z";"pt.e*i*.com";"https://www.ransomlook.io/recent"
"2025-07-18T21:00:07Z";"Tiger Communications";"https://www.ransomlook.io/recent"
"2025-07-18T21:00:07Z";"Sensical";"https://www.ransomlook.io/recent"
"2025-07-18T21:00:07Z";"Burnham Nationwide";"https://www.ransomlook.io/recent"
"2025-07-18T21:00:07Z";"B&amp;M - Expertise - Audit";"https://www.ransomlook.io/recent"
"2025-07-18T21:00:07Z";"gatlogistica.com.br";"https://www.ransomlook.io/recent"
"2025-07-18T21:00:07Z";"diasdeprimavera.com.br";"https://www.ransomlook.io/recent"
"2025-07-18T21:00:07Z";"Proactive Engineering Consultants";"https://www.ransomlook.io/recent"
"2025-07-18T21:00:07Z";"Helpsonv";"https://www.ransomlook.io/recent"
"2025-07-18T21:00:07Z";"Allstarmg";"https://www.ransomlook.io/recent"
"2025-07-18T21:00:07Z";"Ark Consultancy";"https://www.ransomlook.io/recent"
"2025-07-18T21:00:07Z";"T2 Group";"https://www.ransomlook.io/recent"
"2025-07-18T21:00:07Z";"GreenLight Biosciences";"https://www.ransomlook.io/recent"
"2025-07-18T21:00:08Z";"DARA Pharma";"https://www.ransomlook.io/recent"
"2025-07-18T21:00:08Z";"DP Systems";"https://www.ransomlook.io/recent"
"2025-07-18T21:00:08Z";"TCI Doors";"https://www.ransomlook.io/recent"
"2025-07-18T21:00:08Z";"Thomas Bennett & Hunter";"https://www.ransomlook.io/recent"
"2025-07-18T21:00:08Z";"Anderson & Karrenberg";"https://www.ransomlook.io/recent"
"2025-07-18T21:00:08Z";"CB Quality Machining & Engineering";"https://www.ransomlook.io/recent"
"2025-07-18T21:00:08Z";"norpak.com";"https://www.ransomlook.io/recent"
"2025-07-18T21:00:08Z";"City of Peabody, MA";"https://www.ransomlook.io/recent"
"2025-07-19T12:00:06Z";"PEPRO";"https://www.ransomlook.io/recent"
"2025-07-19T12:00:06Z";"Title XI";"https://www.ransomlook.io/recent"
"2025-07-19T12:00:07Z";"Acetificio Andrea Milano";"https://www.ransomlook.io/recent"
"2025-07-19T12:00:07Z";"Goldberg & Osborne";"https://www.ransomlook.io/recent"
"2025-07-19T12:00:07Z";"GreenVest";"https://www.ransomlook.io/recent"
"2025-07-19T12:00:07Z";"Multilift Logistic Group";"https://www.ransomlook.io/recent"
"2025-07-19T12:00:07Z";"Fayrefield Foods";"https://www.ransomlook.io/recent"
"2025-07-19T12:00:07Z";"Sib-Tryck Holding";"https://www.ransomlook.io/recent"
"2025-07-19T12:00:07Z";"Souleret Engineering(LSSE)";"https://www.ransomlook.io/recent"
"2025-07-19T12:00:07Z";"LeasePLUS";"https://www.ransomlook.io/recent"
"2025-07-19T12:00:07Z";"Polykar";"https://www.ransomlook.io/recent"
"2025-07-19T12:00:07Z";"erniesinceresco.com";"https://www.ransomlook.io/recent"
"2025-07-19T12:00:07Z";"RICHARD MILLE ASIA PTE. LTD & D'LEAGUE PTE. LTD.";"https://www.ransomlook.io/recent"
"2025-07-19T12:00:07Z";"sequoiadental.com";"https://www.ransomlook.io/recent"
"2025-07-19T12:00:07Z";"Farben-Zentrum Schlegel";"https://www.ransomlook.io/recent"
"2025-07-19T12:00:07Z";"Greeniverse";"https://www.ransomlook.io/recent"
"2025-07-20T12:00:07Z";"TransCore ITS, LLC";"https://www.ransomlook.io/recent"
"2025-07-20T12:00:07Z";"Akribis Systems";"https://www.ransomlook.io/recent"
"2025-07-20T12:00:07Z";"Pergamon Status Diş Ticaret A Ş";"https://www.ransomlook.io/recent"
"2025-07-20T12:00:07Z";"Anadolu Hastaneleri";"https://www.ransomlook.io/recent"
"2025-07-20T12:00:07Z";"Universidad Mayor";"https://www.ransomlook.io/recent"
"2025-07-20T12:00:07Z";"pt.elis.com";"https://www.ransomlook.io/recent"
"2025-07-21T12:00:07Z";"We will soon be in your hollow regime";"https://www.ransomlook.io/recent"
"2025-07-21T12:00:07Z";"Krusell";"https://www.ransomlook.io/recent"
"2025-07-21T12:00:07Z";"Dell Technologies";"https://www.ransomlook.io/recent"
"2025-07-21T21:00:07Z";"Publication hold announcement";"https://www.ransomlook.io/recent"
"2025-07-21T21:00:07Z";"Studio Associato Callatroni Bianchi";"https://www.ransomlook.io/recent"
"2025-07-21T21:00:07Z";"chainstoreguide.com";"https://www.ransomlook.io/recent"
"2025-07-21T21:00:08Z";"Thompson+Hanson";"https://www.ransomlook.io/recent"
"2025-07-21T21:00:08Z";"BronzeCraft";"https://www.ransomlook.io/recent"
"2025-07-21T21:00:08Z";"FasseValves";"https://www.ransomlook.io/recent"
"2025-07-21T21:00:08Z";"GreatLakesWholesaleGroup";"https://www.ransomlook.io/recent"
"2025-07-21T21:00:08Z";"MoserEngineering";"https://www.ransomlook.io/recent"
"2025-07-21T21:00:08Z";"NucampRV";"https://www.ransomlook.io/recent"
"2025-07-21T21:00:08Z";"Bronze Craft";"https://www.ransomlook.io/recent"
"2025-07-21T21:00:08Z";"SPGConstruction";"https://www.ransomlook.io/recent"
"2025-07-21T21:00:08Z";"TitanTrailerMfg";"https://www.ransomlook.io/recent"
"2025-07-21T21:00:08Z";"VRESystems";"https://www.ransomlook.io/recent"
"2025-07-21T12:00:07Z";"BronzeCraft";"https://www.ransomlook.io/recent"
"2025-07-21T12:00:07Z";"FasseValves";"https://www.ransomlook.io/recent"
"2025-07-21T12:00:07Z";"GreatLakesWholesaleGroup";"https://www.ransomlook.io/recent"
"2025-07-21T12:00:07Z";"MoserEngineering";"https://www.ransomlook.io/recent"
"2025-07-21T12:00:07Z";"NucampRV";"https://www.ransomlook.io/recent"
"2025-07-21T12:00:07Z";"SPGConstruction";"https://www.ransomlook.io/recent"
"2025-07-21T12:00:07Z";"TitanTrailerMfg";"https://www.ransomlook.io/recent"
"2025-07-21T12:00:07Z";"VRESystems";"https://www.ransomlook.io/recent"
"2025-07-21T12:00:07Z";"danielslawgroupllc.com";"https://www.ransomlook.io/recent"
"2025-07-22T12:00:07Z";"scaffoldsolutions.com";"https://www.ransomlook.io/recent"
"2025-07-22T12:00:07Z";"iBUYPOWER";"https://www.ransomlook.io/recent"
"2025-07-22T12:00:07Z";"WIBAIE";"https://www.ransomlook.io/recent"
"2025-07-22T12:00:07Z";"nboat.com";"https://www.ransomlook.io/recent"
"2025-07-22T12:00:07Z";"csaas.com";"https://www.ransomlook.io/recent"
"2025-07-22T12:00:07Z";"heartlineoklahoma.org";"https://www.ransomlook.io/recent"
"2025-07-22T12:00:07Z";"dtxstudio.com";"https://www.ransomlook.io/recent"
"2025-07-22T12:00:07Z";"SubsCorp";"https://www.ransomlook.io/recent"
"2025-07-22T12:00:07Z";"Protech Medical";"https://www.ransomlook.io/recent"
"2025-07-22T12:00:07Z";"hitachi-tds.com";"https://www.ransomlook.io/recent"
"2025-07-22T12:00:08Z";"asi-group.com";"https://www.ransomlook.io/recent"
"2025-07-22T12:00:08Z";"neues-leben.de";"https://www.ransomlook.io/recent"
"2025-07-22T12:00:08Z";"reizenlaw.com";"https://www.ransomlook.io/recent"
"2025-07-22T12:00:08Z";"ARCTICGROUP";"https://www.ransomlook.io/recent"
"2025-07-22T12:00:08Z";"Primoris";"https://www.ransomlook.io/recent"
"2025-07-22T12:00:08Z";"www.optyma.co.uk";"https://www.ransomlook.io/recent"
"2025-07-22T12:00:08Z";"http://www.balkankalip.com";"https://www.ransomlook.io/recent"
"2025-07-22T12:00:08Z";"Able Home Care";"https://www.ransomlook.io/recent"
"2025-07-22T15:30:04Z";"Eurofins Scientific (Healthcare)";"https://www.ransomlook.io/recent"
"2025-07-22T15:30:04Z";"TOMEI GROUP Inc.";"https://www.ransomlook.io/recent"
"2025-07-22T15:30:04Z";"Windsor Door";"https://www.ransomlook.io/recent"
"2025-07-22T15:30:04Z";"Nippn TH";"https://www.ransomlook.io/recent"
"2025-07-22T21:00:05Z";"SOUBEIRAN CHOBET S.R.L.";"https://www.ransomlook.io/recent"
"2025-07-22T21:00:05Z";"www.reliablecontrols.com";"https://www.ransomlook.io/recent"
"2025-07-22T21:00:06Z";"bisa.com.pe";"https://www.ransomlook.io/recent"
"2025-07-22T21:00:06Z";"stichtingjohannesbosco.com";"https://www.ransomlook.io/recent"
"2025-07-22T21:00:06Z";"salemma.com.py";"https://www.ransomlook.io/recent"
"2025-07-22T21:00:06Z";"landwwilson.co.uk";"https://www.ransomlook.io/recent"
"2025-07-22T21:00:06Z";"naxis.net";"https://www.ransomlook.io/recent"
"2025-07-22T21:00:06Z";"horanbarker.com";"https://www.ransomlook.io/recent"
"2025-07-22T21:00:06Z";"qtmi.net";"https://www.ransomlook.io/recent"
"2025-07-22T21:00:06Z";"rhschool.org";"https://www.ransomlook.io/recent"
"2025-07-22T21:00:06Z";"blueridgesl.com";"https://www.ransomlook.io/recent"
"2025-07-23T12:00:07Z";"www.balkankalip.com";"https://www.ransomlook.io/recent"
"2025-07-23T12:00:07Z";"Sanderling Healthcare";"https://www.ransomlook.io/recent"
"2025-07-23T12:00:07Z";"https://eagleonline.net/";"https://www.ransomlook.io/recent"
"2025-07-23T12:00:07Z";"DA Whitacre Construction";"https://www.ransomlook.io/recent"
"2025-07-23T12:00:07Z";"Ka Logistics";"https://www.ransomlook.io/recent"
"2025-07-23T15:30:07Z";"DelCampo";"https://www.ransomlook.io/recent"
"2025-07-23T15:30:07Z";"Watchfinder & Co";"https://www.ransomlook.io/recent"
"2025-07-23T15:30:07Z";"Vantage Finance";"https://www.ransomlook.io/recent"
"2025-07-23T15:30:07Z";"APL";"https://www.ransomlook.io/recent"
"2025-07-23T21:00:07Z";"Palm Bay International";"https://www.ransomlook.io/recent"
"2025-07-23T21:00:07Z";"Creditinfo";"https://www.ransomlook.io/recent"
"2025-07-23T12:00:07Z";"Sementes Jotabasso";"https://www.ransomlook.io/recent"
"2025-07-24T12:00:07Z";"Metricon Homes";"https://www.ransomlook.io/recent"
"2025-07-24T12:00:07Z";"New American Funding - Full leak published";"https://www.ransomlook.io/recent"
"2025-07-24T15:30:05Z";"jaegerndorfer.at";"https://www.ransomlook.io/recent"
"2025-07-24T15:30:05Z";"moonsafari";"https://www.ransomlook.io/recent"
"2025-07-24T15:30:05Z";"Gallon, Takacs & Boissoneault";"https://www.ransomlook.io/recent"
"2025-07-24T15:30:05Z";"WayUp – Brasil";"https://www.ransomlook.io/recent"
"2025-07-24T15:30:05Z";"Usha Martin Limited";"https://www.ransomlook.io/recent"
"2025-07-24T15:30:05Z";"Union Civil Service Board";"https://www.ransomlook.io/recent"
"2025-07-24T15:30:05Z";"Bela-Bela Municipality";"https://www.ransomlook.io/recent"
"2025-07-24T15:30:05Z";"Eswatini Water Services Corporation";"https://www.ransomlook.io/recent"
"2025-07-24T15:30:05Z";"T***L";"https://www.ransomlook.io/recent"
"2025-07-24T15:30:05Z";"U***Y";"https://www.ransomlook.io/recent"
"2025-07-24T12:00:08Z";"foiegrasespinet";"https://www.ransomlook.io/recent"
"2025-07-24T12:00:08Z";"Sogedis";"https://www.ransomlook.io/recent"
"2025-07-24T12:00:08Z";"Pinnacle Woodwork";"https://www.ransomlook.io/recent"
"2025-07-24T12:00:08Z";"Reimo";"https://www.ransomlook.io/recent"
"2025-07-24T12:00:08Z";"OKA";"https://www.ransomlook.io/recent"
"2025-07-24T12:00:08Z";"Pilipili";"https://www.ransomlook.io/recent"
"2025-07-24T12:00:08Z";"Testa Heck Testa & White";"https://www.ransomlook.io/recent"
"2025-07-24T12:00:08Z";"Donlar Construction";"https://www.ransomlook.io/recent"
"2025-07-24T12:00:08Z";"morgan911.org";"https://www.ransomlook.io/recent"
"2025-07-24T12:00:08Z";"BALNEARIO DE MONDARIZ";"https://www.ransomlook.io/recent"
"2025-07-25T12:00:08Z";"teampostop.net";"https://www.ransomlook.io/recent"
"2025-07-25T12:00:08Z";"seasonsfour.com";"https://www.ransomlook.io/recent"
"2025-07-25T12:00:08Z";"salamanderresort.com";"https://www.ransomlook.io/recent"
"2025-07-25T12:00:08Z";"www.mada.com.kw";"https://www.ransomlook.io/recent"
"2025-07-25T12:00:08Z";"Emerson Chiropractic";"https://www.ransomlook.io/recent"
"2025-07-25T12:00:08Z";"md-labels-gmbh.com";"https://www.ransomlook.io/recent"
"2025-07-25T15:30:06Z";"moelco.es";"https://www.ransomlook.io/recent"
"2025-07-25T15:30:07Z";"lafavoritaservice.it";"https://www.ransomlook.io/recent"
"2025-07-25T15:30:07Z";"Astro Industries Inc.";"https://www.ransomlook.io/recent"
"2025-07-25T15:30:07Z";"Best Price Financial Services";"https://www.ransomlook.io/recent"
"2025-07-25T15:30:07Z";"Crumbl";"https://www.ransomlook.io/recent"
"2025-07-25T12:00:06Z";"jorgefernandez.es";"https://www.ransomlook.io/recent"
"2025-07-25T12:00:06Z";"Helical Auto Technology (India)";"https://www.ransomlook.io/recent"
"2025-07-25T12:00:06Z";"Dunlap Codding";"https://www.ransomlook.io/recent"
"2025-07-26T12:00:06Z";"Bouey & Black LLP";"https://www.ransomlook.io/recent"
"2025-07-26T12:00:06Z";"I.P. One LTD";"https://www.ransomlook.io/recent"
"2025-07-26T12:00:06Z";"hptc.org";"https://www.ransomlook.io/recent"
"2025-07-26T12:00:06Z";"RTE";"https://www.ransomlook.io/recent"
"2025-07-26T12:00:06Z";"Rete Toscana Classica";"https://www.ransomlook.io/recent"
"2025-07-26T12:00:06Z";"MukundRhotindian";"https://www.ransomlook.io/recent"
"2025-07-26T12:00:06Z";"Medical Village LIV";"https://www.ransomlook.io/recent"
"2025-07-26T12:00:06Z";"Geomaticks Grecia";"https://www.ransomlook.io/recent"
"2025-07-26T12:00:06Z";"Dithelm Travel Group";"https://www.ransomlook.io/recent"
"2025-07-26T12:00:06Z";"Cyme Servicios Médicos";"https://www.ransomlook.io/recent"
"2025-07-26T12:00:06Z";"CONTRAQI";"https://www.ransomlook.io/recent"
"2025-07-26T12:00:06Z";"Morrow Equipment";"https://www.ransomlook.io/recent"
"2025-07-26T12:00:06Z";"wta-inc.com";"https://www.ransomlook.io/recent"
"2025-07-26T12:00:06Z";"appsnw.com";"https://www.ransomlook.io/recent"
"2025-07-26T12:00:06Z";"tele-optics.com";"https://www.ransomlook.io/recent"
"2025-07-26T12:00:06Z";"teamsignal.com";"https://www.ransomlook.io/recent"
"2025-07-26T12:00:06Z";"briar-group.com";"https://www.ransomlook.io/recent"
"2025-07-26T12:00:06Z";"appagroup.com";"https://www.ransomlook.io/recent"
"2025-07-26T12:00:06Z";"havtechpa.com";"https://www.ransomlook.io/recent"
"2025-07-26T12:00:06Z";"swfldermatology.com";"https://www.ransomlook.io/recent"
"2025-07-26T12:00:06Z";"bussepc.com";"https://www.ransomlook.io/recent"
"2025-07-28T12:00:06Z";"College stjb";"https://www.ransomlook.io/recent"
"2025-07-28T12:00:06Z";"CCI Torrevieja";"https://www.ransomlook.io/recent"
"2025-07-28T12:00:07Z";"VINHAS E REDENSCHI ADVOGADOS [LEAKED]";"https://www.ransomlook.io/recent"
"2025-07-28T12:00:07Z";"Digitall Evolution [LEAKED]";"https://www.ransomlook.io/recent"
"2025-07-28T12:00:07Z";"MAFATE BUSINESS ENTERPRISE [LEAKED]";"https://www.ransomlook.io/recent"
"2025-07-28T12:00:07Z";"BIG SILVER [LEAKED]";"https://www.ransomlook.io/recent"
"2025-07-28T12:00:07Z";"ELZAB [LEAKED]";"https://www.ransomlook.io/recent"
"2025-07-28T15:30:06Z";"DA Whitacre Construction";"https://www.ransomlook.io/recent"
"2025-07-28T15:30:06Z";"gmtaconline";"https://www.ransomlook.io/recent"
"2025-07-28T15:30:06Z";"woodboure";"https://www.ransomlook.io/recent"
"2025-07-28T15:30:06Z";"argeninta";"https://www.ransomlook.io/recent"
"2025-07-28T15:30:06Z";"STRGOME";"https://www.ransomlook.io/recent"
"2025-07-28T15:30:06Z";"houra";"https://www.ransomlook.io/recent"
"2025-07-28T15:30:06Z";"houxt";"https://www.ransomlook.io/recent"
"2025-07-28T15:30:06Z";"getdomain";"https://www.ransomlook.io/recent"
"2025-07-28T15:30:06Z";"kipl";"https://www.ransomlook.io/recent"
"2025-07-28T15:30:07Z";"nszi";"https://www.ransomlook.io/recent"
"2025-07-28T21:00:06Z";"Votava Nantz & Johnson";"https://www.ransomlook.io/recent"
"2025-07-28T21:00:06Z";"Yapi Teknik Proje";"https://www.ransomlook.io/recent"
"2025-07-28T21:00:06Z";"www.barobinson.com";"https://www.ransomlook.io/recent"
"2025-07-28T21:00:06Z";"Dr. Falk Pharma";"https://www.ransomlook.io/recent"
"2025-07-28T21:00:06Z";"ACEA SpA";"https://www.ransomlook.io/recent"
"2025-07-28T21:00:06Z";"Albavision";"https://www.ransomlook.io/recent"
"2025-07-28T21:00:06Z";"Acarlar Ltd";"https://www.ransomlook.io/recent"
"2025-07-28T21:00:06Z";"W.L. FOODS";"https://www.ransomlook.io/recent"
"2025-07-28T21:00:06Z";"MGI Singapore PAC";"https://www.ransomlook.io/recent"
"2025-07-28T21:00:06Z";"mortensenlawoffices.com/USA/99GB";"https://www.ransomlook.io/recent"
"2025-07-28T21:00:06Z";"Software Design Consulting Group";"https://www.ransomlook.io/recent"
"2025-07-28T21:00:06Z";"sou***********.net";"https://www.ransomlook.io/recent"
"2025-07-28T12:00:06Z";"Albavision.tv";"https://www.ransomlook.io/recent"
"2025-07-28T12:00:06Z";"VIRTUALWEB.US";"https://www.ransomlook.io/recent"
"2025-07-28T12:00:06Z";"premiersurfacesinc";"https://www.ransomlook.io/recent"
"2025-07-29T12:00:06Z";"ci-Fabrics";"https://www.ransomlook.io/recent"
"2025-07-29T12:00:06Z";"First Baptist Church of Hammond";"https://www.ransomlook.io/recent"
"2025-07-29T21:00:05Z";"TigerCommunications";"https://www.ransomlook.io/recent"
"2025-07-29T21:00:05Z";"2fORM Architecture";"https://www.ransomlook.io/recent"
"2025-07-29T21:00:05Z";"ACMARK";"https://www.ransomlook.io/recent"
"2025-07-29T21:00:05Z";"Acheson Doyle Partners Architects";"https://www.ransomlook.io/recent"
"2025-07-29T21:00:06Z";"Aseguradora Fortaleza";"https://www.ransomlook.io/recent"
"2025-07-29T21:00:06Z";"Campbell Sand & Gravel";"https://www.ransomlook.io/recent"
"2025-07-29T21:00:06Z";"Chevalier Machinery";"https://www.ransomlook.io/recent"
"2025-07-29T21:00:06Z";"De Noordboom";"https://www.ransomlook.io/recent"
"2025-07-29T21:00:06Z";"www.v4ulogistic.com/ Leaked by www.etornetworks.com";"https://www.ransomlook.io/recent"
"2025-07-29T21:00:06Z";"tissot.com";"https://www.ransomlook.io/recent"
"2025-07-29T21:00:06Z";"El Paso Quality Dentistry";"https://www.ransomlook.io/recent"
"2025-07-29T21:00:06Z";"ingrammicro.com";"https://www.ransomlook.io/recent"
"2025-07-29T21:00:06Z";"Grand Rapids Metrology";"https://www.ransomlook.io/recent"
"2025-07-29T21:00:06Z";"Hafnia Law Firm";"https://www.ransomlook.io/recent"
"2025-07-29T21:00:06Z";"JPS Consulting Engineers";"https://www.ransomlook.io/recent"
"2025-07-29T21:00:06Z";"PROVAIL";"https://www.ransomlook.io/recent"
"2025-07-29T21:00:06Z";"Sani-Tech Systems";"https://www.ransomlook.io/recent"
"2025-07-29T21:00:06Z";"Washington Court House";"https://www.ransomlook.io/recent"
"2025-07-29T21:00:06Z";"Windsor Realty and Management";"https://www.ransomlook.io/recent"
"2025-07-29T21:00:06Z";"Winner School District 59-2";"https://www.ransomlook.io/recent"
"2025-07-29T21:00:06Z";"Custom Food Ingredients";"https://www.ransomlook.io/recent"
"2025-07-29T21:00:06Z";"Lee & Associates";"https://www.ransomlook.io/recent"
"2025-07-29T21:00:06Z";"DARA Pharma";"https://www.ransomlook.io/recent"
"2025-07-29T21:00:06Z";"Lee & Associates";"https://www.ransomlook.io/recent"
"2025-07-29T21:00:06Z";"DARA Pharma";"https://www.ransomlook.io/recent"
"2025-07-29T12:00:06Z";"KMDI";"https://www.ransomlook.io/recent"
"2025-07-29T12:00:06Z";"Mid West Fabricating";"https://www.ransomlook.io/recent"
"2025-07-29T12:00:06Z";"Built Environment Engineers";"https://www.ransomlook.io/recent"
"2025-07-30T12:00:06Z";"Blanco Creek Farms";"https://www.ransomlook.io/recent"
"2025-07-30T12:00:06Z";"Mount  Vernon Property Management";"https://www.ransomlook.io/recent"
"2025-07-30T12:00:06Z";"Hertz Farm Management";"https://www.ransomlook.io/recent"
"2025-07-30T12:00:06Z";"Druni";"https://www.ransomlook.io/recent"
"2025-07-30T12:00:06Z";"gimaex.com";"https://www.ransomlook.io/recent"
"2025-07-30T12:00:06Z";"Cpat Flex";"https://www.ransomlook.io/recent"
"2025-07-30T12:00:06Z";"Dollar Tree";"https://www.ransomlook.io/recent"
"2025-07-30T12:00:07Z";"Towne Mortgage";"https://www.ransomlook.io/recent"
"2025-07-30T15:30:05Z";"Tooling Systems Group";"https://www.ransomlook.io/recent"
"2025-07-30T15:30:05Z";"RUKU Tore - Türen";"https://www.ransomlook.io/recent"
"2025-07-30T15:30:05Z";"fsl.org";"https://www.ransomlook.io/recent"
"2025-07-30T15:30:05Z";"restiani.com";"https://www.ransomlook.io/recent"
"2025-07-30T15:30:05Z";"Bitbox";"https://www.ransomlook.io/recent"
"2025-07-30T21:00:06Z";"PDC www.cobranzasbeta.com.co";"https://www.ransomlook.io/recent"
"2025-07-30T12:00:06Z";"USA Military Alumni Networks";"https://www.ransomlook.io/recent"
"2025-07-31T12:00:06Z";"eFunda, Inc.";"https://www.ransomlook.io/recent"
"2025-07-31T12:00:06Z";"Devon";"https://www.ransomlook.io/recent"
"2025-07-31T15:30:06Z";"www.afmco.jo";"https://www.ransomlook.io/recent"
"2025-07-31T15:30:06Z";"Crumbl - Full leak published";"https://www.ransomlook.io/recent"
"2025-07-31T12:00:06Z";"Mailchimp";"https://www.ransomlook.io/recent"
"2025-07-31T12:00:06Z";"Grayscale Investments";"https://www.ransomlook.io/recent"
"2025-07-31T12:00:06Z";"iPROMOTEu";"https://www.ransomlook.io/recent"
"2025-07-31T12:00:06Z";"lynkspot.com";"https://www.ransomlook.io/recent"
"2025-07-31T12:00:06Z";"firstpresatl.org";"https://www.ransomlook.io/recent"
"2025-07-31T12:00:06Z";"whiteconlee.com";"https://www.ransomlook.io/recent"
"2025-07-31T12:00:06Z";"deliastamales.com";"https://www.ransomlook.io/recent"
"2025-07-31T12:00:06Z";"bridgerecruit.co.uk";"https://www.ransomlook.io/recent"
"2025-07-31T12:00:06Z";"Quartus Engineering";"https://www.ransomlook.io/recent"
"2025-07-31T12:00:06Z";"Thern";"https://www.ransomlook.io/recent"
"2025-07-31T12:00:06Z";"erichschleichgmbh.de";"https://www.ransomlook.io/recent"
"2025-07-31T12:00:06Z";"wvpca.org";"https://www.ransomlook.io/recent"
"2025-07-31T12:00:06Z";"carolynmyoung.com";"https://www.ransomlook.io/recent"
"2025-08-01T12:00:06Z";"Framon S.p.A.";"https://www.ransomlook.io/recent"
"2025-08-01T12:00:06Z";"PK Contracting";"https://www.ransomlook.io/recent"
"2025-08-01T12:00:06Z";"***.c*m.tw";"https://www.ransomlook.io/recent"
"2025-08-01T12:00:06Z";"b*u*l*****.tw";"https://www.ransomlook.io/recent"
"2025-08-01T12:00:06Z";"pr*****.tw";"https://www.ransomlook.io/recent"
"2025-08-01T12:00:06Z";"kw****.tw";"https://www.ransomlook.io/recent"
"2025-08-01T15:30:06Z";"White Coffee Corporation";"https://www.ransomlook.io/recent"
"2025-08-01T15:30:06Z";"Franklin Pierce Schools";"https://www.ransomlook.io/recent"
"2025-08-01T15:30:06Z";"Great Lakes Carpet &Tile";"https://www.ransomlook.io/recent"
"2025-08-01T15:30:06Z";"Guyana Sugar";"https://www.ransomlook.io/recent"
"2025-08-01T15:30:06Z";"Herrman Law Firm";"https://www.ransomlook.io/recent"
"2025-08-01T15:30:06Z";"Hölscher Holding";"https://www.ransomlook.io/recent"
"2025-08-01T21:00:04Z";"Radford City Schools";"https://www.ransomlook.io/recent"
"2025-08-01T21:00:04Z";"Meissner Fenstertechnik";"https://www.ransomlook.io/recent"
"2025-08-01T21:00:04Z";"fortsmithschools.org";"https://www.ransomlook.io/recent"
"2025-08-01T21:00:04Z";"envac.es";"https://www.ransomlook.io/recent"
"2025-08-01T21:00:04Z";"cadex.com";"https://www.ransomlook.io/recent"
"2025-08-01T21:00:04Z";"chamberlainhuckeriede.com";"https://www.ransomlook.io/recent"
